{
    "m_Version": 6,
    "m_DisplayName": "Chernogorsk Trading Zone",
    "Position": [
        2639.47998046875,
        199.5919952392578,
        5173.06982421875
    ],
    "Radius": 500.0,
    "BuyPricePercent": 100.0,
    "SellPricePercent": -1.0,
    "Stock": {}
}