{
    "m_Version": 7,
    "AccuracyMin": 0.15000000596046449,
    "AccuracyMax": 0.699999988079071,
    "ThreatDistanceLimit": 1000.0,
    "DamageMultiplier": 1.0,
    "Admins": [
        "76561198152677868",
        "24240261260181504",
        "76561198092307102",
        "76561198114890185",
        "76561199496104001",
        "76561197997086772",
        "76561199001453809",
        "76561198127027802"
    ],
    "MaximumDynamicPatrols": 30,
    "Vaulting": 1,
    "SniperProneDistanceThreshold": 150.0,
    "Manners": 0,
    "MemeLevel": 0,
    "CanRecruitFriendly": 1,
    "CanRecruitGuards": 0,
    "PreventClimb": [],
    "PlayerFactions": []
}