{
    "EnableSystem": 1,
    "RefreshEverySeconds": 10,
    "RefreshByPlayerCount": 1,
    "GlobalMaxAICount": 120,
    "Categories": [
        {
            "MinPlayerCount": 0,
            "MaxPlayerCount": 120,
            "MaxAICount": 20,
            "Patrols": [
                {
                    "Name": "",
                    "Faction": "Civilian",
                    "Formation": "",
                    "FormationLooseness": 0.0,
                    "LoadoutFile": "",
                    "NumberOfAI": 4,
                    "Behaviour": "ALTERNATE",
                    "Speed": "WALK",
                    "UnderThreatSpeed": "SPRINT",
                    "CanBeLooted": 1,
                    "UnlimitedReload": 0,
                    "SniperProneDistanceThreshold": 0.0,
                    "AccuracyMin": -1.0,
                    "AccuracyMax": -1.0,
                    "ThreatDistanceLimit": -1.0,
                    "DamageMultiplier": -1.0,
                    "MinDistRadius": -2.0,
                    "MaxDistRadius": -2.0,
                    "DespawnRadius": -2.200000047683716,
                    "MinSpreadRadius": 1.0,
                    "MaxSpreadRadius": 100.0,
                    "Chance": 1.0,
                    "WaypointInterpolation": "",
                    "DespawnTime": -1.0,
                    "RespawnTime": -2.0,
                    "UseRandomWaypointAsStartPoint": 1,
                    "Waypoints": [
                        [
                            7841.3349609375,
                            76.69611358642578,
                            105.50646209716797
                        ],
                        [
                            7874.43359375,
                            86.5004653930664,
                            194.1827392578125
                        ],
                        [
                            7881.091796875,
                            88.8189468383789,
                            247.87342834472657
                        ],
                        [
                            7804.40625,
                            88.37928009033203,
                            365.87762451171877
                        ],
                        [
                            7792.43017578125,
                            88.65029907226563,
                            383.00140380859377
                        ],
                        [
                            7762.8076171875,
                            83.7376708984375,
                            334.8746337890625
                        ],
                        [
                            7760.65380859375,
                            84.683837890625,
                            353.2117919921875
                        ],
                        [
                            7768.95703125,
                            88.44590759277344,
                            421.0120544433594
                        ],
                        [
                            7781.3388671875,
                            89.11323547363281,
                            430.4404296875
                        ],
                        [
                            7769.263671875,
                            90.8582534790039,
                            472.48828125
                        ],
                        [
                            7776.35693359375,
                            91.00643920898438,
                            493.6338195800781
                        ],
                        [
                            7762.3740234375,
                            91.01448822021485,
                            534.7476806640625
                        ],
                        [
                            7739.28076171875,
                            91.13427734375,
                            564.8483276367188
                        ],
                        [
                            7639.0,
                            120.3280258178711,
                            769.7715454101563
                        ],
                        [
                            7378.47998046875,
                            94.51292419433594,
                            764.41748046875
                        ],
                        [
                            7325.0390625,
                            93.79295349121094,
                            820.4214477539063
                        ],
                        [
                            7323.55419921875,
                            95.07601928710938,
                            869.6690673828125
                        ],
                        [
                            6920.2666015625,
                            84.64220428466797,
                            926.835693359375
                        ],
                        [
                            6942.748046875,
                            84.11299133300781,
                            977.515380859375
                        ],
                        [
                            6901.28759765625,
                            82.87837982177735,
                            1002.5807495117188
                        ],
                        [
                            6848.884765625,
                            91.49227142333985,
                            967.189453125
                        ],
                        [
                            6835.8408203125,
                            84.59558868408203,
                            942.7606201171875
                        ],
                        [
                            6655.30908203125,
                            92.31884765625,
                            793.1343383789063
                        ],
                        [
                            6639.6552734375,
                            91.83074188232422,
                            792.5340576171875
                        ],
                        [
                            6635.73095703125,
                            92.24980163574219,
                            780.7630004882813
                        ]
                    ]
                },
                {
                    "Name": "",
                    "Faction": "Civilian",
                    "Formation": "",
                    "FormationLooseness": 0.0,
                    "LoadoutFile": "",
                    "NumberOfAI": 4,
                    "Behaviour": "ALTERNATE",
                    "Speed": "WALK",
                    "UnderThreatSpeed": "SPRINT",
                    "CanBeLooted": 1,
                    "UnlimitedReload": 0,
                    "SniperProneDistanceThreshold": 0.0,
                    "AccuracyMin": -1.0,
                    "AccuracyMax": -1.0,
                    "ThreatDistanceLimit": -1.0,
                    "DamageMultiplier": -1.0,
                    "MinDistRadius": -2.0,
                    "MaxDistRadius": -2.0,
                    "DespawnRadius": -2.200000047683716,
                    "MinSpreadRadius": 1.0,
                    "MaxSpreadRadius": 100.0,
                    "Chance": 1.0,
                    "WaypointInterpolation": "",
                    "DespawnTime": -1.0,
                    "RespawnTime": -2.0,
                    "UseRandomWaypointAsStartPoint": 1,